Phase,Time_Sec,Success
Initial,0.1680573000048753,True
Replan,0.12384809998911805,True
