Grid_Size,h_star,EUC_time,EUC_h_max,HE_time,HE_h_max,DIJ_time,DIJ_h_max,Speedup_Dijkstra_vs_HE,Speedup_Euclidean_vs_HE
256,0.16189967032835423,1.095086799992714,0.16189967032835423,0.049306900007650256,0.1852448203501117,0.13289539999095723,0.16189967032835423,2.6952698297872657,22.20960554857038
512,0.16055474856556476,4.444525200000498,0.16055474856556476,0.12450560001889244,0.17299091561188934,0.46456120000220835,0.16055474856556476,3.7312474292860403,35.697391919127234
