Runs,Success_Rate,Avg_Time_Sec,Std_Time_Sec
100,1.0,0.027685783999913838,0.0034037133600280794
