Grid_Size,Success,Time_Sec,RAM_Used_GB,Error
2048,True,1.2517632000090089,0,
4096,False,1.8218181999982335,0,
8192,False,5.096824300009757,0,
